{
  "planetInputs": [
    {
      "mass": 12000,
      "color": "#ffffff",
      "radius": 16.739958377208723,
      "x": 1000,
      "y": 400,
      "dx": 3,
      "dy": 0
    },
    {
      "mass": 12000,
      "color": "#9ce4cd",
      "radius": 16.739958377208723,
      "x": 1000,
      "y": 1000,
      "dx": -3,
      "dy": 0
    }
  ],
  "scale": "5",
  "rate": "1"
}